region,vaccine,year,coverage
Global,BCG,2000,80
Global,DTP1,2000,82
Global,DTP3,2000,72
Global,HEPB3,2000,29
Global,HEPBB,2000,5
Global,HIB3,2000,13
Global,MCV1,2000,71
Global,MCV2,2000,17
Global,POL3,2000,73
Global,RCV1,2000,20
Global,YFV,2000,11
Global,BCG,2001,80
Global,DTP1,2001,83
Global,DTP3,2001,72
Global,HEPB3,2001,31
Global,HEPBB,2001,6
Global,HIB3,2001,14
Global,MCV1,2001,72
Global,MCV2,2001,19
Global,POL3,2001,73
Global,RCV1,2001,21
Global,YFV,2001,12
Global,BCG,2002,80
Global,DTP1,2002,83
Global,DTP3,2002,72
Global,HEPB3,2002,37
Global,HEPBB,2002,7
Global,HIB3,2002,16
Global,MCV1,2002,72
Global,MCV2,2002,20
Global,POL3,2002,74
Global,RCV1,2002,21
Global,YFV,2002,12
Global,BCG,2003,81
Global,DTP1,2003,84
Global,DTP3,2003,74
Global,HEPB3,2003,43
Global,HEPBB,2003,9
Global,HIB3,2003,17
Global,MCV1,2003,73
Global,MCV2,2003,20
Global,POL3,2003,75
Global,RCV1,2003,22
Global,YFV,2003,16
Global,BCG,2004,82
Global,DTP1,2004,85
Global,DTP3,2004,76
Global,HEPB3,2004,48
Global,HEPBB,2004,20
Global,HIB3,2004,19
Global,MCV1,2004,75
Global,MCV2,2004,22
Global,POL3,2004,75
Global,RCV1,2004,23
Global,YFV,2004,25
Global,BCG,2005,84
Global,DTP1,2005,86
Global,DTP3,2005,77
Global,HEPB3,2005,54
Global,HEPBB,2005,22
Global,HIB3,2005,20
Global,MCV1,2005,77
Global,MCV2,2005,32
Global,POL3,2005,78
Global,RCV1,2005,23
Global,YFV,2005,31
Global,BCG,2006,86
Global,DTP1,2006,87
Global,DTP3,2006,78
Global,HEPB3,2006,58
Global,HEPBB,2006,22
Global,HIB3,2006,21
Global,MCV1,2006,78
Global,MCV2,2006,34
Global,POL3,2006,79
Global,RCV1,2006,25
Global,ROTAC,2006,1
Global,YFV,2006,36
Global,BCG,2007,87
Global,DTP1,2007,87
Global,DTP3,2007,78
Global,HEPB3,2007,63
Global,HEPBB,2007,23
Global,HIB3,2007,24
Global,MCV1,2007,79
Global,MCV2,2007,35
Global,POL3,2007,80
Global,RCV1,2007,25
Global,ROTAC,2007,2
Global,YFV,2007,39
Global,BCG,2008,88
Global,DTP1,2008,88
Global,DTP3,2008,81
Global,HEPB3,2008,69
Global,HEPBB,2008,26
Global,HIB3,2008,27
Global,MCV1,2008,81
Global,MCV2,2008,37
Global,PCV3,2008,4
Global,POL3,2008,82
Global,RCV1,2008,25
Global,ROTAC,2008,3
Global,YFV,2008,38
Global,BCG,2009,89
Global,DTP1,2009,89
Global,DTP3,2009,83
Global,HEPB3,2009,73
Global,HEPBB,2009,27
Global,HIB3,2009,38
Global,MCV1,2009,83
Global,MCV2,2009,40
Global,PCV3,2009,6
Global,POL3,2009,83
Global,RCV1,2009,25
Global,ROTAC,2009,6
Global,YFV,2009,41
Global,BCG,2010,89
Global,DTP1,2010,89
Global,DTP3,2010,83
Global,HEPB3,2010,73
Global,HEPBB,2010,27
Global,HIB3,2010,40
Global,MCV1,2010,84
Global,MCV2,2010,41
Global,PCV3,2010,10
Global,POL3,2010,83
Global,RCV1,2010,34
Global,ROTAC,2010,8
Global,YFV,2010,38
Global,BCG,2011,89
Global,DTP1,2011,90
Global,DTP3,2011,84
Global,HEPB3,2011,74
Global,HEPBB,2011,28
Global,HIB3,2011,43
Global,MCV1,2011,84
Global,MCV2,2011,48
Global,PCV3,2011,15
Global,POL3,2011,83
Global,RCV1,2011,37
Global,ROTAC,2011,9
Global,YFV,2011,35
Global,BCG,2012,89
Global,DTP1,2012,89
Global,DTP3,2012,84
Global,HEPB3,2012,80
Global,HEPBB,2012,32
Global,HIB3,2012,45
Global,MCV1,2012,84
Global,MCV2,2012,52
Global,PCV3,2012,19
Global,POL3,2012,84
Global,RCV1,2012,39
Global,ROTAC,2012,11
Global,YFV,2012,36
Global,BCG,2013,89
Global,DTP1,2013,89
Global,DTP3,2013,84
Global,HEPB3,2013,79
Global,HEPBB,2013,35
Global,HIB3,2013,50
Global,MCV1,2013,84
Global,MCV2,2013,56
Global,PCV3,2013,26
Global,POL3,2013,84
Global,RCV1,2013,42
Global,ROTAC,2013,14
Global,YFV,2013,39
Global,BCG,2014,88
Global,DTP1,2014,89
Global,DTP3,2014,84
Global,HEPB3,2014,81
Global,HEPBB,2014,35
Global,HIB3,2014,55
Global,MCV1,2014,84
Global,MCV2,2014,59
Global,PCV3,2014,32
Global,POL3,2014,84
Global,RCV1,2014,44
Global,ROTAC,2014,18
Global,YFV,2014,40
Global,BCG,2015,87
Global,DTP1,2015,89
Global,DTP3,2015,85
Global,HEPB3,2015,83
Global,HEPBB,2015,36
Global,HIB3,2015,63
Global,IPV1,2015,23
Global,MCV1,2015,84
Global,MCV2,2015,63
Global,PCV3,2015,38
Global,POL3,2015,85
Global,RCV1,2015,46
Global,ROTAC,2015,22
Global,YFV,2015,41
Global,BCG,2016,89
Global,DTP1,2016,90
Global,DTP3,2016,86
Global,HEPB3,2016,84
Global,HEPBB,2016,37
Global,HIB3,2016,70
Global,IPV1,2016,47
Global,MCV1,2016,85
Global,MCV2,2016,67
Global,MENGA,2016,2
Global,PCV3,2016,41
Global,POL3,2016,85
Global,RCV1,2016,47
Global,ROTAC,2016,24
Global,YFV,2016,41
Global,BCG,2017,90
Global,DTP1,2017,90
Global,DTP3,2017,86
Global,HEPB3,2017,84
Global,HEPBB,2017,41
Global,HIB3,2017,71
Global,IPV1,2017,58
Global,MCV1,2017,85
Global,MCV2,2017,68
Global,MENGA,2017,10
Global,PCV3,2017,45
Global,POL3,2017,86
Global,RCV1,2017,51
Global,ROTAC,2017,27
Global,YFV,2017,43
Global,BCG,2018,90
Global,DTP1,2018,90
Global,DTP3,2018,86
Global,HEPB3,2018,84
Global,HEPBB,2018,42
Global,HIB3,2018,73
Global,IPV1,2018,72
Global,MCV1,2018,86
Global,MCV2,2018,70
Global,MENGA,2018,15
Global,PCV3,2018,48
Global,POL3,2018,86
Global,RCV1,2018,68
Global,ROTAC,2018,35
Global,YFV,2018,46
Global,BCG,2019,89
Global,DTP1,2019,90
Global,DTP3,2019,86
Global,HEPB3,2019,86
Global,HEPBB,2019,43
Global,HIB3,2019,74
Global,IPV1,2019,83
Global,MCV1,2019,86
Global,MCV2,2019,71
Global,MENGA,2019,21
Global,PCV3,2019,51
Global,POL3,2019,86
Global,RCV1,2019,69
Global,ROTAC,2019,40
Global,YFV,2019,47
Global,BCG,2020,86
Global,DTP1,2020,88
Global,DTP3,2020,83
Global,HEPB3,2020,83
Global,HEPBB,2020,42
Global,HIB3,2020,73
Global,IPV1,2020,80
Global,MCV1,2020,83
Global,MCV2,2020,71
Global,MENGA,2020,28
Global,PCV3,2020,52
Global,POL3,2020,83
Global,RCV1,2020,68
Global,ROTAC,2020,48
Global,YFV,2020,45
Global,BCG,2021,85
Global,DTP1,2021,86
Global,DTP3,2021,81
Global,HEPB3,2021,81
Global,HEPBB,2021,41
Global,HIB3,2021,72
Global,IPV1,2021,80
Global,IPV2,2021,24
Global,MCV1,2021,81
Global,MCV2,2021,71
Global,MENGA,2021,28
Global,PCV3,2021,52
Global,POL3,2021,81
Global,RCV1,2021,66
Global,ROTAC,2021,49
Global,YFV,2021,47
Global,BCG,2022,88
Global,DTP1,2022,89
Global,DTP3,2022,84
Global,HEPB3,2022,84
Global,HEPBB,2022,43
Global,HIB3,2022,77
Global,IPV1,2022,84
Global,IPV2,2022,35
Global,MCV1,2022,83
Global,MCV2,2022,73
Global,MENGA,2022,29
Global,PCV3,2022,61
Global,POL3,2022,84
Global,RCV1,2022,72
Global,ROTAC,2022,52
Global,YFV,2022,46
Global,BCG,2023,87
Global,DTP1,2023,89
Global,DTP3,2023,84
Global,HEPB3,2023,83
Global,HEPBB,2023,45
Global,HIB3,2023,77
Global,IPV1,2023,83
Global,IPV2,2023,42
Global,MCV1,2023,83
Global,MCV2,2023,74
Global,MENGA,2023,29
Global,PCV3,2023,65
Global,POL3,2023,83
Global,RCV1,2023,71
Global,ROTAC,2023,55
Global,YFV,2023,50
EAPR,BCG,2000,85
EAPR,DTP1,2000,92
EAPR,DTP3,2000,83
EAPR,HEPB3,2000,53
EAPR,HEPBB,2000,2
EAPR,HIB3,2000,0
EAPR,MCV1,2000,83
EAPR,MCV2,2000,5
EAPR,POL3,2000,84
EAPR,RCV1,2000,7
EAPR,BCG,2001,85
EAPR,DTP1,2001,91
EAPR,DTP3,2001,84
EAPR,HEPB3,2001,58
EAPR,HEPBB,2001,2
EAPR,HIB3,2001,0
EAPR,MCV1,2001,84
EAPR,MCV2,2001,5
EAPR,POL3,2001,84
EAPR,RCV1,2001,7
EAPR,BCG,2002,86
EAPR,DTP1,2002,90
EAPR,DTP3,2002,82
EAPR,HEPB3,2002,60
EAPR,HEPBB,2002,2
EAPR,HIB3,2002,0
EAPR,MCV1,2002,83
EAPR,MCV2,2002,6
EAPR,POL3,2002,85
EAPR,RCV1,2002,7
EAPR,BCG,2003,86
EAPR,DTP1,2003,92
EAPR,DTP3,2003,84
EAPR,HEPB3,2003,69
EAPR,HEPBB,2003,2
EAPR,HIB3,2003,0
EAPR,MCV1,2003,84
EAPR,MCV2,2003,9
EAPR,POL3,2003,86
EAPR,RCV1,2003,6
EAPR,BCG,2004,88
EAPR,DTP1,2004,92
EAPR,DTP3,2004,85
EAPR,HEPB3,2004,73
EAPR,HEPBB,2004,46
EAPR,HIB3,2004,1
EAPR,MCV1,2004,86
EAPR,MCV2,2004,10
EAPR,POL3,2004,86
EAPR,RCV1,2004,6
EAPR,BCG,2005,87
EAPR,DTP1,2005,92
EAPR,DTP3,2005,85
EAPR,HEPB3,2005,77
EAPR,HEPBB,2005,52
EAPR,HIB3,2005,2
EAPR,MCV1,2005,86
EAPR,MCV2,2005,58
EAPR,POL3,2005,87
EAPR,RCV1,2005,6
EAPR,BCG,2006,91
EAPR,DTP1,2006,95
EAPR,DTP3,2006,89
EAPR,HEPB3,2006,85
EAPR,HEPBB,2006,53
EAPR,HIB3,2006,2
EAPR,MCV1,2006,90
EAPR,MCV2,2006,68
EAPR,POL3,2006,90
EAPR,RCV1,2006,6
EAPR,ROTAC,2006,0
EAPR,BCG,2007,92
EAPR,DTP1,2007,95
EAPR,DTP3,2007,89
EAPR,HEPB3,2007,87
EAPR,HEPBB,2007,54
EAPR,HIB3,2007,2
EAPR,MCV1,2007,89
EAPR,MCV2,2007,72
EAPR,POL3,2007,90
EAPR,RCV1,2007,6
EAPR,ROTAC,2007,0
EAPR,BCG,2008,93
EAPR,DTP1,2008,96
EAPR,DTP3,2008,92
EAPR,HEPB3,2008,91
EAPR,HEPBB,2008,59
EAPR,HIB3,2008,2
EAPR,MCV1,2008,92
EAPR,MCV2,2008,79
EAPR,PCV3,2008,0
EAPR,POL3,2008,94
EAPR,RCV1,2008,6
EAPR,ROTAC,2008,0
EAPR,BCG,2009,94
EAPR,DTP1,2009,96
EAPR,DTP3,2009,94
EAPR,HEPB3,2009,94
EAPR,HEPBB,2009,62
EAPR,HIB3,2009,2
EAPR,MCV1,2009,93
EAPR,MCV2,2009,83
EAPR,PCV3,2009,0
EAPR,POL3,2009,95
EAPR,RCV1,2009,6
EAPR,ROTAC,2009,0
EAPR,BCG,2010,96
EAPR,DTP1,2010,96
EAPR,DTP3,2010,94
EAPR,HEPB3,2010,94
EAPR,HEPBB,2010,61
EAPR,HIB3,2010,7
EAPR,MCV1,2010,94
EAPR,MCV2,2010,84
EAPR,PCV3,2010,0
EAPR,POL3,2010,94
EAPR,RCV1,2010,49
EAPR,ROTAC,2010,0
EAPR,BCG,2011,98
EAPR,DTP1,2011,96
EAPR,DTP3,2011,94
EAPR,HEPB3,2011,93
EAPR,HEPBB,2011,64
EAPR,HIB3,2011,10
EAPR,MCV1,2011,94
EAPR,MCV2,2011,86
EAPR,PCV3,2011,0
EAPR,POL3,2011,94
EAPR,RCV1,2011,63
EAPR,ROTAC,2011,0
EAPR,BCG,2012,96
EAPR,DTP1,2012,97
EAPR,DTP3,2012,95
EAPR,HEPB3,2012,94
EAPR,HEPBB,2012,67
EAPR,HIB3,2012,16
EAPR,MCV1,2012,94
EAPR,MCV2,2012,87
EAPR,PCV3,2012,0
EAPR,POL3,2012,95
EAPR,RCV1,2012,69
EAPR,ROTAC,2012,0
EAPR,BCG,2013,96
EAPR,DTP1,2013,96
EAPR,DTP3,2013,93
EAPR,HEPB3,2013,93
EAPR,HEPBB,2013,67
EAPR,HIB3,2013,18
EAPR,MCV1,2013,95
EAPR,MCV2,2013,88
EAPR,PCV3,2013,0
EAPR,POL3,2013,95
EAPR,RCV1,2013,70
EAPR,ROTAC,2013,2
EAPR,BCG,2014,96
EAPR,DTP1,2014,96
EAPR,DTP3,2014,95
EAPR,HEPB3,2014,95
EAPR,HEPBB,2014,67
EAPR,HIB3,2014,25
EAPR,MCV1,2014,95
EAPR,MCV2,2014,82
EAPR,PCV3,2014,3
EAPR,POL3,2014,95
EAPR,RCV1,2014,71
EAPR,ROTAC,2014,0
EAPR,BCG,2015,96
EAPR,DTP1,2015,96
EAPR,DTP3,2015,94
EAPR,HEPB3,2015,94
EAPR,HEPBB,2015,69
EAPR,HIB3,2015,34
EAPR,IPV1,2015,4
EAPR,MCV1,2015,94
EAPR,MCV2,2015,82
EAPR,PCV3,2015,5
EAPR,POL3,2015,94
EAPR,RCV1,2015,77
EAPR,ROTAC,2015,0
EAPR,BCG,2016,96
EAPR,DTP1,2016,96
EAPR,DTP3,2016,94
EAPR,HEPB3,2016,94
EAPR,HEPBB,2016,70
EAPR,HIB3,2016,33
EAPR,IPV1,2016,20
EAPR,MCV1,2016,95
EAPR,MCV2,2016,87
EAPR,PCV3,2016,7
EAPR,POL3,2016,94
EAPR,RCV1,2016,80
EAPR,ROTAC,2016,0
EAPR,BCG,2017,97
EAPR,DTP1,2017,96
EAPR,DTP3,2017,94
EAPR,HEPB3,2017,94
EAPR,HEPBB,2017,78
EAPR,HIB3,2017,33
EAPR,IPV1,2017,77
EAPR,MCV1,2017,95
EAPR,MCV2,2017,88
EAPR,PCV3,2017,9
EAPR,POL3,2017,95
EAPR,RCV1,2017,82
EAPR,ROTAC,2017,0
EAPR,BCG,2018,96
EAPR,DTP1,2018,95
EAPR,DTP3,2018,93
EAPR,HEPB3,2018,93
EAPR,HEPBB,2018,80
EAPR,HIB3,2018,35
EAPR,IPV1,2018,83
EAPR,MCV1,2018,95
EAPR,MCV2,2018,89
EAPR,PCV3,2018,10
EAPR,POL3,2018,94
EAPR,RCV1,2018,85
EAPR,ROTAC,2018,0
EAPR,BCG,2019,95
EAPR,DTP1,2019,95
EAPR,DTP3,2019,94
EAPR,HEPB3,2019,93
EAPR,HEPBB,2019,86
EAPR,HIB3,2019,36
EAPR,IPV1,2019,90
EAPR,MCV1,2019,94
EAPR,MCV2,2019,89
EAPR,PCV3,2019,12
EAPR,POL3,2019,94
EAPR,RCV1,2019,93
EAPR,ROTAC,2019,0
EAPR,BCG,2020,94
EAPR,DTP1,2020,94
EAPR,DTP3,2020,91
EAPR,HEPB3,2020,91
EAPR,HEPBB,2020,82
EAPR,HIB3,2020,40
EAPR,IPV1,2020,82
EAPR,MCV1,2020,91
EAPR,MCV2,2020,88
EAPR,PCV3,2020,14
EAPR,POL3,2020,90
EAPR,RCV1,2020,91
EAPR,ROTAC,2020,2
EAPR,BCG,2021,89
EAPR,DTP1,2021,86
EAPR,DTP3,2021,84
EAPR,HEPB3,2021,84
EAPR,HEPBB,2021,79
EAPR,HIB3,2021,36
EAPR,IPV1,2021,83
EAPR,IPV2,2021,50
EAPR,MCV1,2021,86
EAPR,MCV2,2021,83
EAPR,PCV3,2021,13
EAPR,POL3,2021,83
EAPR,RCV1,2021,86
EAPR,ROTAC,2021,4
EAPR,BCG,2022,94
EAPR,DTP1,2022,93
EAPR,DTP3,2022,91
EAPR,HEPB3,2022,91
EAPR,HEPBB,2022,82
EAPR,HIB3,2022,45
EAPR,IPV1,2022,89
EAPR,IPV2,2022,57
EAPR,MCV1,2022,92
EAPR,MCV2,2022,85
EAPR,PCV3,2022,17
EAPR,POL3,2022,90
EAPR,RCV1,2022,91
EAPR,ROTAC,2022,5
EAPR,BCG,2023,93
EAPR,DTP1,2023,91
EAPR,DTP3,2023,87
EAPR,HEPB3,2023,87
EAPR,HEPBB,2023,82
EAPR,HIB3,2023,44
EAPR,IPV1,2023,86
EAPR,IPV2,2023,67
EAPR,MCV1,2023,88
EAPR,MCV2,2023,82
EAPR,PCV3,2023,25
EAPR,POL3,2023,86
EAPR,RCV1,2023,88
EAPR,ROTAC,2023,8
ECAR,BCG,2000,96
ECAR,DTP1,2000,95
ECAR,DTP3,2000,93
ECAR,HEPB3,2000,36
ECAR,HEPBB,2000,14
ECAR,HIB3,2000,2
ECAR,MCV1,2000,93
ECAR,MCV2,2000,62
ECAR,POL3,2000,93
ECAR,RCV1,2000,32
ECAR,BCG,2001,96
ECAR,DTP1,2001,96
ECAR,DTP3,2001,93
ECAR,HEPB3,2001,49
ECAR,HEPBB,2001,18
ECAR,HIB3,2001,2
ECAR,MCV1,2001,94
ECAR,MCV2,2001,87
ECAR,POL3,2001,94
ECAR,RCV1,2001,43
ECAR,BCG,2002,95
ECAR,DTP1,2002,93
ECAR,DTP3,2002,91
ECAR,HEPB3,2002,72
ECAR,HEPBB,2002,37
ECAR,HIB3,2002,2
ECAR,MCV1,2002,92
ECAR,MCV2,2002,88
ECAR,POL3,2002,92
ECAR,RCV1,2002,50
ECAR,BCG,2003,95
ECAR,DTP1,2003,92
ECAR,DTP3,2003,88
ECAR,HEPB3,2003,81
ECAR,HEPBB,2003,57
ECAR,HIB3,2003,2
ECAR,MCV1,2003,91
ECAR,MCV2,2003,93
ECAR,POL3,2003,88
ECAR,RCV1,2003,53
ECAR,BCG,2004,92
ECAR,DTP1,2004,94
ECAR,DTP3,2004,92
ECAR,HEPB3,2004,89
ECAR,HEPBB,2004,63
ECAR,HIB3,2004,3
ECAR,MCV1,2004,93
ECAR,MCV2,2004,94
ECAR,POL3,2004,93
ECAR,RCV1,2004,59
ECAR,BCG,2005,92
ECAR,DTP1,2005,96
ECAR,DTP3,2005,95
ECAR,HEPB3,2005,91
ECAR,HEPBB,2005,67
ECAR,HIB3,2005,3
ECAR,MCV1,2005,95
ECAR,MCV2,2005,92
ECAR,POL3,2005,95
ECAR,RCV1,2005,59
ECAR,BCG,2006,95
ECAR,DTP1,2006,96
ECAR,DTP3,2006,94
ECAR,HEPB3,2006,91
ECAR,HEPBB,2006,67
ECAR,HIB3,2006,5
ECAR,MCV1,2006,96
ECAR,MCV2,2006,87
ECAR,POL3,2006,94
ECAR,RCV1,2006,91
ECAR,ROTAC,2006,0
ECAR,BCG,2007,96
ECAR,DTP1,2007,98
ECAR,DTP3,2007,96
ECAR,HEPB3,2007,95
ECAR,HEPBB,2007,65
ECAR,HIB3,2007,25
ECAR,MCV1,2007,97
ECAR,MCV2,2007,90
ECAR,POL3,2007,96
ECAR,RCV1,2007,94
ECAR,ROTAC,2007,0
ECAR,BCG,2008,96
ECAR,DTP1,2008,97
ECAR,DTP3,2008,96
ECAR,HEPB3,2008,93
ECAR,HEPBB,2008,64
ECAR,HIB3,2008,36
ECAR,MCV1,2008,97
ECAR,MCV2,2008,87
ECAR,PCV3,2008,0
ECAR,POL3,2008,96
ECAR,RCV1,2008,94
ECAR,ROTAC,2008,0
ECAR,BCG,2009,96
ECAR,DTP1,2009,95
ECAR,DTP3,2009,94
ECAR,HEPB3,2009,93
ECAR,HEPBB,2009,64
ECAR,HIB3,2009,50
ECAR,MCV1,2009,95
ECAR,MCV2,2009,83
ECAR,PCV3,2009,20
ECAR,POL3,2009,95
ECAR,RCV1,2009,95
ECAR,ROTAC,2009,0
ECAR,BCG,2010,97
ECAR,DTP1,2010,94
ECAR,DTP3,2010,93
ECAR,HEPB3,2010,92
ECAR,HEPBB,2010,58
ECAR,HIB3,2010,55
ECAR,MCV1,2010,94
ECAR,MCV2,2010,86
ECAR,PCV3,2010,20
ECAR,POL3,2010,93
ECAR,RCV1,2010,94
ECAR,ROTAC,2010,0
ECAR,BCG,2011,96
ECAR,DTP1,2011,94
ECAR,DTP3,2011,93
ECAR,HEPB3,2011,90
ECAR,HEPBB,2011,62
ECAR,HIB3,2011,58
ECAR,MCV1,2011,95
ECAR,MCV2,2011,90
ECAR,PCV3,2011,21
ECAR,POL3,2011,93
ECAR,RCV1,2011,95
ECAR,ROTAC,2011,0
ECAR,BCG,2012,97
ECAR,DTP1,2012,95
ECAR,DTP3,2012,95
ECAR,HEPB3,2012,92
ECAR,HEPBB,2012,62
ECAR,HIB3,2012,64
ECAR,MCV1,2012,95
ECAR,MCV2,2012,90
ECAR,PCV3,2012,24
ECAR,POL3,2012,95
ECAR,RCV1,2012,95
ECAR,ROTAC,2012,0
ECAR,BCG,2013,97
ECAR,DTP1,2013,96
ECAR,DTP3,2013,95
ECAR,HEPB3,2013,93
ECAR,HEPBB,2013,63
ECAR,HIB3,2013,65
ECAR,MCV1,2013,96
ECAR,MCV2,2013,93
ECAR,PCV3,2013,25
ECAR,POL3,2013,95
ECAR,RCV1,2013,96
ECAR,ROTAC,2013,1
ECAR,BCG,2014,92
ECAR,DTP1,2014,94
ECAR,DTP3,2014,91
ECAR,HEPB3,2014,91
ECAR,HEPBB,2014,63
ECAR,HIB3,2014,62
ECAR,MCV1,2014,93
ECAR,MCV2,2014,91
ECAR,PCV3,2014,29
ECAR,POL3,2014,92
ECAR,RCV1,2014,93
ECAR,ROTAC,2014,8
ECAR,BCG,2015,93
ECAR,DTP1,2015,95
ECAR,DTP3,2015,92
ECAR,HEPB3,2015,92
ECAR,HEPBB,2015,64
ECAR,HIB3,2015,62
ECAR,IPV1,2015,68
ECAR,MCV1,2015,94
ECAR,MCV2,2015,90
ECAR,PCV3,2015,32
ECAR,POL3,2015,94
ECAR,RCV1,2015,94
ECAR,ROTAC,2015,16
ECAR,BCG,2016,95
ECAR,DTP1,2016,94
ECAR,DTP3,2016,91
ECAR,HEPB3,2016,91
ECAR,HEPBB,2016,62
ECAR,HIB3,2016,63
ECAR,IPV1,2016,72
ECAR,MCV1,2016,93
ECAR,MCV2,2016,88
ECAR,PCV3,2016,45
ECAR,POL3,2016,93
ECAR,RCV1,2016,93
ECAR,ROTAC,2016,14
ECAR,BCG,2017,95
ECAR,DTP1,2017,95
ECAR,DTP3,2017,93
ECAR,HEPB3,2017,94
ECAR,HEPBB,2017,63
ECAR,HIB3,2017,64
ECAR,IPV1,2017,70
ECAR,MCV1,2017,96
ECAR,MCV2,2017,93
ECAR,PCV3,2017,68
ECAR,POL3,2017,93
ECAR,RCV1,2017,96
ECAR,ROTAC,2017,18
ECAR,BCG,2018,96
ECAR,DTP1,2018,97
ECAR,DTP3,2018,95
ECAR,HEPB3,2018,95
ECAR,HEPBB,2018,66
ECAR,HIB3,2018,68
ECAR,IPV1,2018,88
ECAR,MCV1,2018,96
ECAR,MCV2,2018,94
ECAR,PCV3,2018,73
ECAR,POL3,2018,95
ECAR,RCV1,2018,96
ECAR,ROTAC,2018,17
ECAR,BCG,2019,95
ECAR,DTP1,2019,97
ECAR,DTP3,2019,96
ECAR,HEPB3,2019,95
ECAR,HEPBB,2019,68
ECAR,HIB3,2019,71
ECAR,IPV1,2019,96
ECAR,MCV1,2019,97
ECAR,MCV2,2019,94
ECAR,PCV3,2019,77
ECAR,POL3,2019,96
ECAR,RCV1,2019,97
ECAR,ROTAC,2019,14
ECAR,BCG,2020,96
ECAR,DTP1,2020,96
ECAR,DTP3,2020,94
ECAR,HEPB3,2020,94
ECAR,HEPBB,2020,68
ECAR,HIB3,2020,69
ECAR,IPV1,2020,94
ECAR,MCV1,2020,94
ECAR,MCV2,2020,92
ECAR,PCV3,2020,76
ECAR,POL3,2020,94
ECAR,RCV1,2020,94
ECAR,ROTAC,2020,25
ECAR,BCG,2021,96
ECAR,DTP1,2021,96
ECAR,DTP3,2021,94
ECAR,HEPB3,2021,94
ECAR,HEPBB,2021,68
ECAR,HIB3,2021,70
ECAR,IPV1,2021,96
ECAR,IPV2,2021,62
ECAR,MCV1,2021,95
ECAR,MCV2,2021,93
ECAR,PCV3,2021,81
ECAR,POL3,2021,95
ECAR,RCV1,2021,95
ECAR,ROTAC,2021,21
ECAR,BCG,2022,96
ECAR,DTP1,2022,96
ECAR,DTP3,2022,95
ECAR,HEPB3,2022,95
ECAR,HEPBB,2022,69
ECAR,HIB3,2022,93
ECAR,IPV1,2022,96
ECAR,IPV2,2022,85
ECAR,MCV1,2022,95
ECAR,MCV2,2022,93
ECAR,PCV3,2022,83
ECAR,POL3,2022,95
ECAR,RCV1,2022,95
ECAR,ROTAC,2022,24
ECAR,BCG,2023,96
ECAR,DTP1,2023,97
ECAR,DTP3,2023,96
ECAR,HEPB3,2023,95
ECAR,HEPBB,2023,69
ECAR,HIB3,2023,95
ECAR,IPV1,2023,97
ECAR,IPV2,2023,89
ECAR,MCV1,2023,96
ECAR,MCV2,2023,94
ECAR,PCV3,2023,85
ECAR,POL3,2023,96
ECAR,RCV1,2023,96
ECAR,ROTAC,2023,29
ESAR,BCG,2000,76
ESAR,DTP1,2000,73
ESAR,DTP3,2000,59
ESAR,HEPB3,2000,9
ESAR,HEPBB,2000,0
ESAR,HIB3,2000,6
ESAR,MCV1,2000,59
ESAR,MCV2,2000,6
ESAR,POL3,2000,63
ESAR,RCV1,2000,0
ESAR,YFV,2000,2
ESAR,BCG,2001,78
ESAR,DTP1,2001,75
ESAR,DTP3,2001,62
ESAR,HEPB3,2001,10
ESAR,HEPBB,2001,0
ESAR,HIB3,2001,6
ESAR,MCV1,2001,62
ESAR,MCV2,2001,5
ESAR,POL3,2001,63
ESAR,RCV1,2001,0
ESAR,YFV,2001,2
ESAR,BCG,2002,77
ESAR,DTP1,2002,77
ESAR,DTP3,2002,63
ESAR,HEPB3,2002,42
ESAR,HEPBB,2002,0
ESAR,HIB3,2002,21
ESAR,MCV1,2002,63
ESAR,MCV2,2002,4
ESAR,POL3,2002,67
ESAR,RCV1,2002,0
ESAR,YFV,2002,2
ESAR,BCG,2003,78
ESAR,DTP1,2003,79
ESAR,DTP3,2003,65
ESAR,HEPB3,2003,45
ESAR,HEPBB,2003,0
ESAR,HIB3,2003,22
ESAR,MCV1,2003,63
ESAR,MCV2,2003,5
ESAR,POL3,2003,67
ESAR,RCV1,2003,0
ESAR,YFV,2003,3
ESAR,BCG,2004,78
ESAR,DTP1,2004,80
ESAR,DTP3,2004,66
ESAR,HEPB3,2004,49
ESAR,HEPBB,2004,0
ESAR,HIB3,2004,29
ESAR,MCV1,2004,64
ESAR,MCV2,2004,5
ESAR,POL3,2004,67
ESAR,RCV1,2004,0
ESAR,YFV,2004,4
ESAR,BCG,2005,79
ESAR,DTP1,2005,80
ESAR,DTP3,2005,69
ESAR,HEPB3,2005,53
ESAR,HEPBB,2005,0
ESAR,HIB3,2005,31
ESAR,MCV1,2005,63
ESAR,MCV2,2005,4
ESAR,POL3,2005,67
ESAR,RCV1,2005,0
ESAR,YFV,2005,2
ESAR,BCG,2006,80
ESAR,DTP1,2006,82
ESAR,DTP3,2006,70
ESAR,HEPB3,2006,55
ESAR,HEPBB,2006,0
ESAR,HIB3,2006,32
ESAR,MCV1,2006,66
ESAR,MCV2,2006,5
ESAR,POL3,2006,69
ESAR,RCV1,2006,0
ESAR,ROTAC,2006,0
ESAR,YFV,2006,2
ESAR,BCG,2007,82
ESAR,DTP1,2007,83
ESAR,DTP3,2007,71
ESAR,HEPB3,2007,68
ESAR,HEPBB,2007,0
ESAR,HIB3,2007,46
ESAR,MCV1,2007,70
ESAR,MCV2,2007,5
ESAR,POL3,2007,72
ESAR,RCV1,2007,0
ESAR,ROTAC,2007,0
ESAR,YFV,2007,5
ESAR,BCG,2008,83
ESAR,DTP1,2008,83
ESAR,DTP3,2008,72
ESAR,HEPB3,2008,70
ESAR,HEPBB,2008,0
ESAR,HIB3,2008,53
ESAR,MCV1,2008,71
ESAR,MCV2,2008,5
ESAR,PCV3,2008,0
ESAR,POL3,2008,74
ESAR,RCV1,2008,0
ESAR,ROTAC,2008,0
ESAR,YFV,2008,4
ESAR,BCG,2009,84
ESAR,DTP1,2009,84
ESAR,DTP3,2009,75
ESAR,HEPB3,2009,71
ESAR,HEPBB,2009,0
ESAR,HIB3,2009,71
ESAR,MCV1,2009,74
ESAR,MCV2,2009,6
ESAR,PCV3,2009,1
ESAR,POL3,2009,75
ESAR,RCV1,2009,0
ESAR,ROTAC,2009,1
ESAR,YFV,2009,2
ESAR,BCG,2010,85
ESAR,DTP1,2010,85
ESAR,DTP3,2010,76
ESAR,HEPB3,2010,74
ESAR,HEPBB,2010,0
ESAR,HIB3,2010,74
ESAR,MCV1,2010,77
ESAR,MCV2,2010,5
ESAR,PCV3,2010,7
ESAR,POL3,2010,77
ESAR,RCV1,2010,0
ESAR,ROTAC,2010,5
ESAR,YFV,2010,2
ESAR,BCG,2011,87
ESAR,DTP1,2011,86
ESAR,DTP3,2011,77
ESAR,HEPB3,2011,74
ESAR,HEPBB,2011,0
ESAR,HIB3,2011,74
ESAR,MCV1,2011,77
ESAR,MCV2,2011,5
ESAR,PCV3,2011,18
ESAR,POL3,2011,78
ESAR,RCV1,2011,0
ESAR,ROTAC,2011,5
ESAR,YFV,2011,4
ESAR,BCG,2012,85
ESAR,DTP1,2012,84
ESAR,DTP3,2012,76
ESAR,HEPB3,2012,73
ESAR,HEPBB,2012,0
ESAR,HIB3,2012,73
ESAR,MCV1,2012,78
ESAR,MCV2,2012,5
ESAR,PCV3,2012,29
ESAR,POL3,2012,77
ESAR,RCV1,2012,0
ESAR,ROTAC,2012,7
ESAR,YFV,2012,4
ESAR,BCG,2013,83
ESAR,DTP1,2013,83
ESAR,DTP3,2013,76
ESAR,HEPB3,2013,74
ESAR,HEPBB,2013,0
ESAR,HIB3,2013,74
ESAR,MCV1,2013,76
ESAR,MCV2,2013,6
ESAR,PCV3,2013,51
ESAR,POL3,2013,78
ESAR,RCV1,2013,0
ESAR,ROTAC,2013,21
ESAR,YFV,2013,2
ESAR,BCG,2014,83
ESAR,DTP1,2014,85
ESAR,DTP3,2014,78
ESAR,HEPB3,2014,77
ESAR,HEPBB,2014,0
ESAR,HIB3,2014,77
ESAR,MCV1,2014,76
ESAR,MCV2,2014,11
ESAR,PCV3,2014,67
ESAR,POL3,2014,78
ESAR,RCV1,2014,12
ESAR,ROTAC,2014,47
ESAR,YFV,2014,6
ESAR,BCG,2015,81
ESAR,DTP1,2015,85
ESAR,DTP3,2015,78
ESAR,HEPB3,2015,78
ESAR,HEPBB,2015,0
ESAR,HIB3,2015,78
ESAR,IPV1,2015,9
ESAR,MCV1,2015,75
ESAR,MCV2,2015,21
ESAR,PCV3,2015,69
ESAR,POL3,2015,79
ESAR,RCV1,2015,14
ESAR,ROTAC,2015,56
ESAR,YFV,2015,5
ESAR,BCG,2016,81
ESAR,DTP1,2016,85
ESAR,DTP3,2016,79
ESAR,HEPB3,2016,79
ESAR,HEPBB,2016,0
ESAR,HIB3,2016,79
ESAR,IPV1,2016,27
ESAR,MCV1,2016,74
ESAR,MCV2,2016,31
ESAR,MENGA,2016,0
ESAR,PCV3,2016,72
ESAR,POL3,2016,78
ESAR,RCV1,2016,15
ESAR,ROTAC,2016,62
ESAR,YFV,2016,4
ESAR,BCG,2017,81
ESAR,DTP1,2017,83
ESAR,DTP3,2017,78
ESAR,HEPB3,2017,78
ESAR,HEPBB,2017,0
ESAR,HIB3,2017,78
ESAR,IPV1,2017,38
ESAR,MCV1,2017,73
ESAR,MCV2,2017,34
ESAR,MENGA,2017,0
ESAR,PCV3,2017,73
ESAR,POL3,2017,77
ESAR,RCV1,2017,33
ESAR,ROTAC,2017,63
ESAR,YFV,2017,4
ESAR,BCG,2018,81
ESAR,DTP1,2018,85
ESAR,DTP3,2018,79
ESAR,HEPB3,2018,79
ESAR,HEPBB,2018,0
ESAR,HIB3,2018,79
ESAR,IPV1,2018,59
ESAR,MCV1,2018,75
ESAR,MCV2,2018,36
ESAR,MENGA,2018,0
ESAR,PCV3,2018,75
ESAR,POL3,2018,78
ESAR,RCV1,2018,43
ESAR,ROTAC,2018,69
ESAR,YFV,2018,7
ESAR,BCG,2019,82
ESAR,DTP1,2019,85
ESAR,DTP3,2019,80
ESAR,HEPB3,2019,80
ESAR,HEPBB,2019,0
ESAR,HIB3,2019,80
ESAR,IPV1,2019,76
ESAR,MCV1,2019,75
ESAR,MCV2,2019,47
ESAR,MENGA,2019,1
ESAR,PCV3,2019,75
ESAR,POL3,2019,79
ESAR,RCV1,2019,43
ESAR,ROTAC,2019,73
ESAR,YFV,2019,7
ESAR,BCG,2020,80
ESAR,DTP1,2020,84
ESAR,DTP3,2020,78
ESAR,HEPB3,2020,78
ESAR,HEPBB,2020,0
ESAR,HIB3,2020,78
ESAR,IPV1,2020,77
ESAR,MCV1,2020,74
ESAR,MCV2,2020,47
ESAR,MENGA,2020,0
ESAR,PCV3,2020,74
ESAR,POL3,2020,75
ESAR,RCV1,2020,49
ESAR,ROTAC,2020,73
ESAR,YFV,2020,6
ESAR,BCG,2021,78
ESAR,DTP1,2021,81
ESAR,DTP3,2021,75
ESAR,HEPB3,2021,75
ESAR,HEPBB,2021,0
ESAR,HIB3,2021,75
ESAR,IPV1,2021,74
ESAR,IPV2,2021,1
ESAR,MCV1,2021,70
ESAR,MCV2,2021,47
ESAR,MENGA,2021,1
ESAR,PCV3,2021,70
ESAR,POL3,2021,73
ESAR,RCV1,2021,47
ESAR,ROTAC,2021,70
ESAR,YFV,2021,6
ESAR,BCG,2022,80
ESAR,DTP1,2022,81
ESAR,DTP3,2022,75
ESAR,HEPB3,2022,75
ESAR,HEPBB,2022,0
ESAR,HIB3,2022,75
ESAR,IPV1,2022,75
ESAR,IPV2,2022,14
ESAR,MCV1,2022,72
ESAR,MCV2,2022,55
ESAR,MENGA,2022,1
ESAR,PCV3,2022,70
ESAR,POL3,2022,74
ESAR,RCV1,2022,48
ESAR,ROTAC,2022,59
ESAR,YFV,2022,4
ESAR,BCG,2023,82
ESAR,DTP1,2023,85
ESAR,DTP3,2023,78
ESAR,HEPB3,2023,78
ESAR,HEPBB,2023,0
ESAR,HIB3,2023,78
ESAR,IPV1,2023,78
ESAR,IPV2,2023,25
ESAR,MCV1,2023,75
ESAR,MCV2,2023,56
ESAR,MENGA,2023,1
ESAR,PCV3,2023,73
ESAR,POL3,2023,78
ESAR,RCV1,2023,50
ESAR,ROTAC,2023,67
ESAR,YFV,2023,15
LACR,BCG,2000,96
LACR,DTP1,2000,96
LACR,DTP3,2000,91
LACR,HEPB3,2000,65
LACR,HEPBB,2000,32
LACR,HIB3,2000,69
LACR,MCV1,2000,93
LACR,MCV2,2000,60
LACR,POL3,2000,91
LACR,RCV1,2000,82
LACR,YFV,2000,24
LACR,BCG,2001,95
LACR,DTP1,2001,95
LACR,DTP3,2001,90
LACR,HEPB3,2001,68
LACR,HEPBB,2001,33
LACR,HIB3,2001,72
LACR,MCV1,2001,95
LACR,MCV2,2001,61
LACR,POL3,2001,92
LACR,RCV1,2001,86
LACR,YFV,2001,28
LACR,BCG,2002,95
LACR,DTP1,2002,96
LACR,DTP3,2002,91
LACR,HEPB3,2002,73
LACR,HEPBB,2002,33
LACR,HIB3,2002,76
LACR,MCV1,2002,93
LACR,MCV2,2002,56
LACR,POL3,2002,92
LACR,RCV1,2002,85
LACR,YFV,2002,18
LACR,BCG,2003,97
LACR,DTP1,2003,96
LACR,DTP3,2003,92
LACR,HEPB3,2003,82
LACR,HEPBB,2003,36
LACR,HIB3,2003,82
LACR,MCV1,2003,94
LACR,MCV2,2003,55
LACR,POL3,2003,94
LACR,RCV1,2003,91
LACR,YFV,2003,32
LACR,BCG,2004,97
LACR,DTP1,2004,96
LACR,DTP3,2004,93
LACR,HEPB3,2004,85
LACR,HEPBB,2004,41
LACR,HIB3,2004,87
LACR,MCV1,2004,93
LACR,MCV2,2004,56
LACR,POL3,2004,92
LACR,RCV1,2004,92
LACR,YFV,2004,34
LACR,BCG,2005,97
LACR,DTP1,2005,97
LACR,DTP3,2005,94
LACR,HEPB3,2005,90
LACR,HEPBB,2005,43
LACR,HIB3,2005,92
LACR,MCV1,2005,93
LACR,MCV2,2005,55
LACR,POL3,2005,92
LACR,RCV1,2005,91
LACR,YFV,2005,40
LACR,BCG,2006,96
LACR,DTP1,2006,96
LACR,DTP3,2006,93
LACR,HEPB3,2006,91
LACR,HEPBB,2006,43
LACR,HIB3,2006,91
LACR,MCV1,2006,94
LACR,MCV2,2006,54
LACR,POL3,2006,94
LACR,RCV1,2006,93
LACR,ROTAC,2006,15
LACR,YFV,2006,52
LACR,BCG,2007,96
LACR,DTP1,2007,95
LACR,DTP3,2007,93
LACR,HEPB3,2007,91
LACR,HEPBB,2007,44
LACR,HIB3,2007,91
LACR,MCV1,2007,94
LACR,MCV2,2007,52
LACR,POL3,2007,93
LACR,RCV1,2007,93
LACR,ROTAC,2007,26
LACR,YFV,2007,52
LACR,BCG,2008,97
LACR,DTP1,2008,97
LACR,DTP3,2008,92
LACR,HEPB3,2008,90
LACR,HEPBB,2008,45
LACR,HIB3,2008,90
LACR,MCV1,2008,95
LACR,MCV2,2008,55
LACR,PCV3,2008,3
LACR,POL3,2008,94
LACR,RCV1,2008,95
LACR,ROTAC,2008,42
LACR,YFV,2008,51
LACR,BCG,2009,97
LACR,DTP1,2009,96
LACR,DTP3,2009,94
LACR,HEPB3,2009,92
LACR,HEPBB,2009,44
LACR,HIB3,2009,92
LACR,MCV1,2009,95
LACR,MCV2,2009,60
LACR,PCV3,2009,11
LACR,POL3,2009,93
LACR,RCV1,2009,95
LACR,ROTAC,2009,62
LACR,YFV,2009,44
LACR,BCG,2010,96
LACR,DTP1,2010,96
LACR,DTP3,2010,93
LACR,HEPB3,2010,90
LACR,HEPBB,2010,45
LACR,HIB3,2010,91
LACR,MCV1,2010,93
LACR,MCV2,2010,60
LACR,PCV3,2010,35
LACR,POL3,2010,93
LACR,RCV1,2010,93
LACR,ROTAC,2010,66
LACR,YFV,2010,45
LACR,BCG,2011,96
LACR,DTP1,2011,96
LACR,DTP3,2011,93
LACR,HEPB3,2011,91
LACR,HEPBB,2011,46
LACR,HIB3,2011,91
LACR,MCV1,2011,95
LACR,MCV2,2011,67
LACR,PCV3,2011,60
LACR,POL3,2011,93
LACR,RCV1,2011,95
LACR,ROTAC,2011,73
LACR,YFV,2011,49
LACR,BCG,2012,97
LACR,DTP1,2012,96
LACR,DTP3,2012,93
LACR,HEPB3,2012,92
LACR,HEPBB,2012,46
LACR,HIB3,2012,91
LACR,MCV1,2012,95
LACR,MCV2,2012,66
LACR,PCV3,2012,71
LACR,POL3,2012,93
LACR,RCV1,2012,95
LACR,ROTAC,2012,75
LACR,YFV,2012,54
LACR,BCG,2013,95
LACR,DTP1,2013,94
LACR,DTP3,2013,90
LACR,HEPB3,2013,89
LACR,HEPBB,2013,49
LACR,HIB3,2013,90
LACR,MCV1,2013,92
LACR,MCV2,2013,61
LACR,PCV3,2013,76
LACR,POL3,2013,88
LACR,RCV1,2013,92
LACR,ROTAC,2013,73
LACR,YFV,2013,55
LACR,BCG,2014,96
LACR,DTP1,2014,95
LACR,DTP3,2014,89
LACR,HEPB3,2014,89
LACR,HEPBB,2014,48
LACR,HIB3,2014,89
LACR,MCV1,2014,93
LACR,MCV2,2014,73
LACR,PCV3,2014,80
LACR,POL3,2014,89
LACR,RCV1,2014,93
LACR,ROTAC,2014,75
LACR,YFV,2014,56
LACR,BCG,2015,96
LACR,DTP1,2015,96
LACR,DTP3,2015,90
LACR,HEPB3,2015,87
LACR,HEPBB,2015,50
LACR,HIB3,2015,90
LACR,IPV1,2015,62
LACR,MCV1,2015,93
LACR,MCV2,2015,71
LACR,PCV3,2015,82
LACR,POL3,2015,91
LACR,RCV1,2015,93
LACR,ROTAC,2015,80
LACR,YFV,2015,55
LACR,BCG,2016,95
LACR,DTP1,2016,95
LACR,DTP3,2016,90
LACR,HEPB3,2016,87
LACR,HEPBB,2016,47
LACR,HIB3,2016,89
LACR,IPV1,2016,85
LACR,MCV1,2016,93
LACR,MCV2,2016,74
LACR,PCV3,2016,79
LACR,POL3,2016,84
LACR,RCV1,2016,93
LACR,ROTAC,2016,76
LACR,YFV,2016,53
LACR,BCG,2017,94
LACR,DTP1,2017,93
LACR,DTP3,2017,85
LACR,HEPB3,2017,79
LACR,HEPBB,2017,52
LACR,HIB3,2017,83
LACR,IPV1,2017,90
LACR,MCV1,2017,86
LACR,MCV2,2017,66
LACR,PCV3,2017,78
LACR,POL3,2017,85
LACR,RCV1,2017,86
LACR,ROTAC,2017,72
LACR,YFV,2017,54
LACR,BCG,2018,95
LACR,DTP1,2018,90
LACR,DTP3,2018,86
LACR,HEPB3,2018,79
LACR,HEPBB,2018,54
LACR,HIB3,2018,85
LACR,IPV1,2018,87
LACR,MCV1,2018,91
LACR,MCV2,2018,80
LACR,PCV3,2018,78
LACR,POL3,2018,85
LACR,RCV1,2018,91
LACR,ROTAC,2018,73
LACR,YFV,2018,56
LACR,BCG,2019,85
LACR,DTP1,2019,86
LACR,DTP3,2019,80
LACR,HEPB3,2019,75
LACR,HEPBB,2019,52
LACR,HIB3,2019,80
LACR,IPV1,2019,86
LACR,MCV1,2019,86
LACR,MCV2,2019,63
LACR,PCV3,2019,77
LACR,POL3,2019,84
LACR,RCV1,2019,86
LACR,ROTAC,2019,73
LACR,YFV,2019,61
LACR,BCG,2020,70
LACR,DTP1,2020,85
LACR,DTP3,2020,76
LACR,HEPB3,2020,77
LACR,HEPBB,2020,58
LACR,HIB3,2020,76
LACR,IPV1,2020,82
LACR,MCV1,2020,83
LACR,MCV2,2020,63
LACR,PCV3,2020,74
LACR,POL3,2020,75
LACR,RCV1,2020,83
LACR,ROTAC,2020,69
LACR,YFV,2020,58
LACR,BCG,2021,83
LACR,DTP1,2021,82
LACR,DTP3,2021,75
LACR,HEPB3,2021,76
LACR,HEPBB,2021,58
LACR,HIB3,2021,75
LACR,IPV1,2021,79
LACR,IPV2,2021,62
LACR,MCV1,2021,83
LACR,MCV2,2021,69
LACR,PCV3,2021,71
LACR,POL3,2021,74
LACR,RCV1,2021,83
LACR,ROTAC,2021,68
LACR,YFV,2021,58
LACR,BCG,2022,87
LACR,DTP1,2022,87
LACR,DTP3,2022,79
LACR,HEPB3,2022,79
LACR,HEPBB,2022,64
LACR,HIB3,2022,79
LACR,IPV1,2022,82
LACR,IPV2,2022,70
LACR,MCV1,2022,81
LACR,MCV2,2022,69
LACR,PCV3,2022,73
LACR,POL3,2022,78
LACR,RCV1,2022,81
LACR,ROTAC,2022,73
LACR,YFV,2022,56
LACR,BCG,2023,83
LACR,DTP1,2023,89
LACR,DTP3,2023,83
LACR,HEPB3,2023,83
LACR,HEPBB,2023,62
LACR,HIB3,2023,82
LACR,IPV1,2023,84
LACR,IPV2,2023,75
LACR,MCV1,2023,82
LACR,MCV2,2023,67
LACR,PCV3,2023,73
LACR,POL3,2023,81
LACR,RCV1,2023,82
LACR,ROTAC,2023,74
LACR,YFV,2023,63
MENA,BCG,2000,88
MENA,DTP1,2000,92
MENA,DTP3,2000,86
MENA,HEPB3,2000,61
MENA,HEPBB,2000,15
MENA,HIB3,2000,1
MENA,MCV1,2000,85
MENA,MCV2,2000,50
MENA,POL3,2000,87
MENA,RCV1,2000,37
MENA,YFV,2000,0
MENA,BCG,2001,89
MENA,DTP1,2001,92
MENA,DTP3,2001,87
MENA,HEPB3,2001,64
MENA,HEPBB,2001,19
MENA,HIB3,2001,7
MENA,MCV1,2001,85
MENA,MCV2,2001,60
MENA,POL3,2001,87
MENA,RCV1,2001,42
MENA,YFV,2001,0
MENA,BCG,2002,88
MENA,DTP1,2002,90
MENA,DTP3,2002,85
MENA,HEPB3,2002,65
MENA,HEPBB,2002,20
MENA,HIB3,2002,13
MENA,MCV1,2002,84
MENA,MCV2,2002,60
MENA,POL3,2002,85
MENA,RCV1,2002,41
MENA,YFV,2002,0
MENA,BCG,2003,88
MENA,DTP1,2003,92
MENA,DTP3,2003,86
MENA,HEPB3,2003,65
MENA,HEPBB,2003,19
MENA,HIB3,2003,15
MENA,MCV1,2003,84
MENA,MCV2,2003,60
MENA,POL3,2003,85
MENA,RCV1,2003,41
MENA,YFV,2003,0
MENA,BCG,2004,88
MENA,DTP1,2004,93
MENA,DTP3,2004,87
MENA,HEPB3,2004,71
MENA,HEPBB,2004,35
MENA,HIB3,2004,15
MENA,MCV1,2004,85
MENA,MCV2,2004,66
MENA,POL3,2004,87
MENA,RCV1,2004,58
MENA,YFV,2004,0
MENA,BCG,2005,90
MENA,DTP1,2005,93
MENA,DTP3,2005,88
MENA,HEPB3,2005,78
MENA,HEPBB,2005,35
MENA,HIB3,2005,18
MENA,MCV1,2005,85
MENA,MCV2,2005,69
MENA,POL3,2005,88
MENA,RCV1,2005,59
MENA,YFV,2005,0
MENA,BCG,2006,91
MENA,DTP1,2006,93
MENA,DTP3,2006,88
MENA,HEPB3,2006,84
MENA,HEPBB,2006,35
MENA,HIB3,2006,19
MENA,MCV1,2006,86
MENA,MCV2,2006,70
MENA,POL3,2006,88
MENA,RCV1,2006,59
MENA,ROTAC,2006,0
MENA,YFV,2006,0
MENA,BCG,2007,92
MENA,DTP1,2007,93
MENA,DTP3,2007,89
MENA,HEPB3,2007,87
MENA,HEPBB,2007,37
MENA,HIB3,2007,28
MENA,MCV1,2007,87
MENA,MCV2,2007,71
MENA,POL3,2007,90
MENA,RCV1,2007,60
MENA,ROTAC,2007,0
MENA,YFV,2007,0
MENA,BCG,2008,92
MENA,DTP1,2008,95
MENA,DTP3,2008,90
MENA,HEPB3,2008,89
MENA,HEPBB,2008,37
MENA,HIB3,2008,48
MENA,MCV1,2008,87
MENA,MCV2,2008,67
MENA,PCV3,2008,1
MENA,POL3,2008,90
MENA,RCV1,2008,55
MENA,ROTAC,2008,0
MENA,YFV,2008,0
MENA,BCG,2009,92
MENA,DTP1,2009,94
MENA,DTP3,2009,90
MENA,HEPB3,2009,89
MENA,HEPBB,2009,35
MENA,HIB3,2009,47
MENA,MCV1,2009,89
MENA,MCV2,2009,69
MENA,PCV3,2009,6
MENA,POL3,2009,90
MENA,RCV1,2009,57
MENA,ROTAC,2009,0
MENA,YFV,2009,0
MENA,BCG,2010,93
MENA,DTP1,2010,95
MENA,DTP3,2010,91
MENA,HEPB3,2010,89
MENA,HEPBB,2010,33
MENA,HIB3,2010,47
MENA,MCV1,2010,90
MENA,MCV2,2010,68
MENA,PCV3,2010,7
MENA,POL3,2010,92
MENA,RCV1,2010,56
MENA,ROTAC,2010,0
MENA,YFV,2010,0
MENA,BCG,2011,93
MENA,DTP1,2011,95
MENA,DTP3,2011,91
MENA,HEPB3,2011,90
MENA,HEPBB,2011,34
MENA,HIB3,2011,48
MENA,MCV1,2011,90
MENA,MCV2,2011,71
MENA,PCV3,2011,12
MENA,POL3,2011,90
MENA,RCV1,2011,58
MENA,ROTAC,2011,9
MENA,YFV,2011,0
MENA,BCG,2012,93
MENA,DTP1,2012,93
MENA,DTP3,2012,88
MENA,HEPB3,2012,87
MENA,HEPBB,2012,35
MENA,HIB3,2012,51
MENA,MCV1,2012,88
MENA,MCV2,2012,70
MENA,PCV3,2012,17
MENA,POL3,2012,89
MENA,RCV1,2012,58
MENA,ROTAC,2012,19
MENA,YFV,2012,0
MENA,BCG,2013,94
MENA,DTP1,2013,93
MENA,DTP3,2013,90
MENA,HEPB3,2013,91
MENA,HEPBB,2013,36
MENA,HIB3,2013,54
MENA,MCV1,2013,89
MENA,MCV2,2013,75
MENA,PCV3,2013,23
MENA,POL3,2013,90
MENA,RCV1,2013,58
MENA,ROTAC,2013,29
MENA,YFV,2013,0
MENA,BCG,2014,94
MENA,DTP1,2014,93
MENA,DTP3,2014,90
MENA,HEPB3,2014,89
MENA,HEPBB,2014,37
MENA,HIB3,2014,76
MENA,MCV1,2014,88
MENA,MCV2,2014,79
MENA,PCV3,2014,31
MENA,POL3,2014,90
MENA,RCV1,2014,64
MENA,ROTAC,2014,29
MENA,YFV,2014,0
MENA,BCG,2015,90
MENA,DTP1,2015,92
MENA,DTP3,2015,88
MENA,HEPB3,2015,88
MENA,HEPBB,2015,37
MENA,HIB3,2015,88
MENA,IPV1,2015,30
MENA,MCV1,2015,88
MENA,MCV2,2015,83
MENA,PCV3,2015,32
MENA,POL3,2015,88
MENA,RCV1,2015,70
MENA,ROTAC,2015,32
MENA,YFV,2015,0
MENA,BCG,2016,93
MENA,DTP1,2016,91
MENA,DTP3,2016,89
MENA,HEPB3,2016,89
MENA,HEPBB,2016,38
MENA,HIB3,2016,89
MENA,IPV1,2016,48
MENA,MCV1,2016,89
MENA,MCV2,2016,85
MENA,MENGA,2016,41
MENA,PCV3,2016,38
MENA,POL3,2016,89
MENA,RCV1,2016,70
MENA,ROTAC,2016,36
MENA,YFV,2016,0
MENA,BCG,2017,90
MENA,DTP1,2017,92
MENA,DTP3,2017,89
MENA,HEPB3,2017,89
MENA,HEPBB,2017,57
MENA,HIB3,2017,89
MENA,IPV1,2017,39
MENA,MCV1,2017,89
MENA,MCV2,2017,85
MENA,MENGA,2017,82
MENA,PCV3,2017,45
MENA,POL3,2017,89
MENA,RCV1,2017,78
MENA,ROTAC,2017,39
MENA,YFV,2017,0
MENA,BCG,2018,90
MENA,DTP1,2018,92
MENA,DTP3,2018,89
MENA,HEPB3,2018,89
MENA,HEPBB,2018,57
MENA,HIB3,2018,89
MENA,IPV1,2018,60
MENA,MCV1,2018,87
MENA,MCV2,2018,83
MENA,MENGA,2018,84
MENA,PCV3,2018,45
MENA,POL3,2018,87
MENA,RCV1,2018,75
MENA,ROTAC,2018,40
MENA,YFV,2018,0
MENA,BCG,2019,89
MENA,DTP1,2019,92
MENA,DTP3,2019,89
MENA,HEPB3,2019,89
MENA,HEPBB,2019,57
MENA,HIB3,2019,89
MENA,IPV1,2019,90
MENA,MCV1,2019,87
MENA,MCV2,2019,83
MENA,MENGA,2019,86
MENA,PCV3,2019,46
MENA,POL3,2019,89
MENA,RCV1,2019,75
MENA,ROTAC,2019,36
MENA,YFV,2019,0
MENA,BCG,2020,90
MENA,DTP1,2020,91
MENA,DTP3,2020,85
MENA,HEPB3,2020,85
MENA,HEPBB,2020,55
MENA,HIB3,2020,85
MENA,IPV1,2020,87
MENA,MCV1,2020,86
MENA,MCV2,2020,82
MENA,MENGA,2020,84
MENA,PCV3,2020,43
MENA,POL3,2020,86
MENA,RCV1,2020,74
MENA,ROTAC,2020,39
MENA,YFV,2020,0
MENA,BCG,2021,88
MENA,DTP1,2021,90
MENA,DTP3,2021,85
MENA,HEPB3,2021,85
MENA,HEPBB,2021,55
MENA,HIB3,2021,85
MENA,IPV1,2021,88
MENA,IPV2,2021,56
MENA,MCV1,2021,85
MENA,MCV2,2021,81
MENA,MENGA,2021,80
MENA,PCV3,2021,42
MENA,POL3,2021,85
MENA,RCV1,2021,73
MENA,ROTAC,2021,38
MENA,YFV,2021,39
MENA,BCG,2022,87
MENA,DTP1,2022,89
MENA,DTP3,2022,84
MENA,HEPB3,2022,84
MENA,HEPBB,2022,55
MENA,HIB3,2022,84
MENA,IPV1,2022,87
MENA,IPV2,2022,64
MENA,MCV1,2022,83
MENA,MCV2,2022,80
MENA,MENGA,2022,66
MENA,PCV3,2022,39
MENA,POL3,2022,84
MENA,RCV1,2022,74
MENA,ROTAC,2022,35
MENA,YFV,2022,45
MENA,BCG,2023,83
MENA,DTP1,2023,85
MENA,DTP3,2023,81
MENA,HEPB3,2023,81
MENA,HEPBB,2023,55
MENA,HIB3,2023,81
MENA,IPV1,2023,84
MENA,IPV2,2023,70
MENA,MCV1,2023,83
MENA,MCV2,2023,79
MENA,MENGA,2023,51
MENA,PCV3,2023,38
MENA,POL3,2023,81
MENA,RCV1,2023,75
MENA,ROTAC,2023,32
MENA,YFV,2023,50
Non-programme,BCG,2000,86
Non-programme,DTP1,2000,97
Non-programme,DTP3,2000,92
Non-programme,HEPB3,2000,56
Non-programme,HEPBB,2000,6
Non-programme,HIB3,2000,75
Non-programme,MCV1,2000,91
Non-programme,MCV2,2000,44
Non-programme,POL3,2000,93
Non-programme,RCV1,2000,91
Non-programme,BCG,2001,86
Non-programme,DTP1,2001,98
Non-programme,DTP3,2001,94
Non-programme,HEPB3,2001,59
Non-programme,HEPBB,2001,6
Non-programme,HIB3,2001,76
Non-programme,MCV1,2001,91
Non-programme,MCV2,2001,47
Non-programme,POL3,2001,91
Non-programme,RCV1,2001,91
Non-programme,BCG,2002,86
Non-programme,DTP1,2002,97
Non-programme,DTP3,2002,94
Non-programme,HEPB3,2002,60
Non-programme,HEPBB,2002,14
Non-programme,HIB3,2002,78
Non-programme,MCV1,2002,91
Non-programme,MCV2,2002,55
Non-programme,POL3,2002,92
Non-programme,RCV1,2002,91
Non-programme,BCG,2003,85
Non-programme,DTP1,2003,98
Non-programme,DTP3,2003,96
Non-programme,HEPB3,2003,62
Non-programme,HEPBB,2003,20
Non-programme,HIB3,2003,80
Non-programme,MCV1,2003,92
Non-programme,MCV2,2003,55
Non-programme,POL3,2003,94
Non-programme,RCV1,2003,92
Non-programme,BCG,2004,84
Non-programme,DTP1,2004,98
Non-programme,DTP3,2004,96
Non-programme,HEPB3,2004,64
Non-programme,HEPBB,2004,24
Non-programme,HIB3,2004,81
Non-programme,MCV1,2004,92
Non-programme,MCV2,2004,61
Non-programme,POL3,2004,94
Non-programme,RCV1,2004,92
Non-programme,BCG,2005,83
Non-programme,DTP1,2005,98
Non-programme,DTP3,2005,96
Non-programme,HEPB3,2005,65
Non-programme,HEPBB,2005,25
Non-programme,HIB3,2005,82
Non-programme,MCV1,2005,92
Non-programme,MCV2,2005,62
Non-programme,POL3,2005,94
Non-programme,RCV1,2005,92
Non-programme,BCG,2006,84
Non-programme,DTP1,2006,98
Non-programme,DTP3,2006,96
Non-programme,HEPB3,2006,65
Non-programme,HEPBB,2006,25
Non-programme,HIB3,2006,83
Non-programme,MCV1,2006,93
Non-programme,MCV2,2006,63
Non-programme,POL3,2006,95
Non-programme,RCV1,2006,93
Non-programme,ROTAC,2006,0
Non-programme,BCG,2007,86
Non-programme,DTP1,2007,98
Non-programme,DTP3,2007,96
Non-programme,HEPB3,2007,65
Non-programme,HEPBB,2007,26
Non-programme,HIB3,2007,85
Non-programme,MCV1,2007,93
Non-programme,MCV2,2007,64
Non-programme,POL3,2007,95
Non-programme,RCV1,2007,93
Non-programme,ROTAC,2007,0
Non-programme,BCG,2008,87
Non-programme,DTP1,2008,98
Non-programme,DTP3,2008,96
Non-programme,HEPB3,2008,66
Non-programme,HEPBB,2008,27
Non-programme,HIB3,2008,84
Non-programme,MCV1,2008,93
Non-programme,MCV2,2008,71
Non-programme,PCV3,2008,47
Non-programme,POL3,2008,95
Non-programme,RCV1,2008,93
Non-programme,ROTAC,2008,2
Non-programme,BCG,2009,89
Non-programme,DTP1,2009,98
Non-programme,DTP3,2009,95
Non-programme,HEPB3,2009,66
Non-programme,HEPBB,2009,29
Non-programme,HIB3,2009,82
Non-programme,MCV1,2009,92
Non-programme,MCV2,2009,73
Non-programme,PCV3,2009,51
Non-programme,POL3,2009,95
Non-programme,RCV1,2009,92
Non-programme,ROTAC,2009,19
Non-programme,BCG,2010,91
Non-programme,DTP1,2010,98
Non-programme,DTP3,2010,96
Non-programme,HEPB3,2010,68
Non-programme,HEPBB,2010,29
Non-programme,HIB3,2010,84
Non-programme,MCV1,2010,93
Non-programme,MCV2,2010,79
Non-programme,PCV3,2010,66
Non-programme,POL3,2010,95
Non-programme,RCV1,2010,93
Non-programme,ROTAC,2010,25
Non-programme,BCG,2011,88
Non-programme,DTP1,2011,98
Non-programme,DTP3,2011,96
Non-programme,HEPB3,2011,69
Non-programme,HEPBB,2011,31
Non-programme,HIB3,2011,95
Non-programme,MCV1,2011,93
Non-programme,MCV2,2011,80
Non-programme,PCV3,2011,79
Non-programme,POL3,2011,95
Non-programme,RCV1,2011,93
Non-programme,ROTAC,2011,28
Non-programme,BCG,2012,89
Non-programme,DTP1,2012,98
Non-programme,DTP3,2012,95
Non-programme,HEPB3,2012,69
Non-programme,HEPBB,2012,32
Non-programme,HIB3,2012,95
Non-programme,MCV1,2012,93
Non-programme,MCV2,2012,84
Non-programme,PCV3,2012,80
Non-programme,POL3,2012,95
Non-programme,RCV1,2012,93
Non-programme,ROTAC,2012,31
Non-programme,BCG,2013,86
Non-programme,DTP1,2013,98
Non-programme,DTP3,2013,95
Non-programme,HEPB3,2013,70
Non-programme,HEPBB,2013,33
Non-programme,HIB3,2013,95
Non-programme,MCV1,2013,93
Non-programme,MCV2,2013,89
Non-programme,PCV3,2013,81
Non-programme,POL3,2013,95
Non-programme,RCV1,2013,93
Non-programme,ROTAC,2013,32
Non-programme,BCG,2014,86
Non-programme,DTP1,2014,98
Non-programme,DTP3,2014,95
Non-programme,HEPB3,2014,72
Non-programme,HEPBB,2014,33
Non-programme,HIB3,2014,95
Non-programme,MCV1,2014,94
Non-programme,MCV2,2014,89
Non-programme,PCV3,2014,81
Non-programme,POL3,2014,95
Non-programme,RCV1,2014,94
Non-programme,ROTAC,2014,37
Non-programme,BCG,2015,78
Non-programme,DTP1,2015,98
Non-programme,DTP3,2015,95
Non-programme,HEPB3,2015,72
Non-programme,HEPBB,2015,33
Non-programme,HIB3,2015,94
Non-programme,IPV1,2015,95
Non-programme,MCV1,2015,93
Non-programme,MCV2,2015,90
Non-programme,PCV3,2015,82
Non-programme,POL3,2015,94
Non-programme,RCV1,2015,93
Non-programme,ROTAC,2015,44
Non-programme,BCG,2016,86
Non-programme,DTP1,2016,98
Non-programme,DTP3,2016,95
Non-programme,HEPB3,2016,73
Non-programme,HEPBB,2016,30
Non-programme,HIB3,2016,94
Non-programme,IPV1,2016,94
Non-programme,MCV1,2016,93
Non-programme,MCV2,2016,91
Non-programme,PCV3,2016,83
Non-programme,POL3,2016,94
Non-programme,RCV1,2016,93
Non-programme,ROTAC,2016,45
Non-programme,BCG,2017,85
Non-programme,DTP1,2017,98
Non-programme,DTP3,2017,95
Non-programme,HEPB3,2017,73
Non-programme,HEPBB,2017,30
Non-programme,HIB3,2017,94
Non-programme,IPV1,2017,99
Non-programme,MCV1,2017,93
Non-programme,MCV2,2017,91
Non-programme,PCV3,2017,86
Non-programme,POL3,2017,94
Non-programme,RCV1,2017,93
Non-programme,ROTAC,2017,47
Non-programme,BCG,2018,88
Non-programme,DTP1,2018,98
Non-programme,DTP3,2018,95
Non-programme,HEPB3,2018,74
Non-programme,HEPBB,2018,31
Non-programme,HIB3,2018,94
Non-programme,IPV1,2018,99
Non-programme,MCV1,2018,93
Non-programme,MCV2,2018,91
Non-programme,PCV3,2018,89
Non-programme,POL3,2018,94
Non-programme,RCV1,2018,93
Non-programme,ROTAC,2018,50
Non-programme,BCG,2019,87
Non-programme,DTP1,2019,98
Non-programme,DTP3,2019,94
Non-programme,HEPB3,2019,90
Non-programme,HEPBB,2019,31
Non-programme,HIB3,2019,93
Non-programme,IPV1,2019,99
Non-programme,MCV1,2019,93
Non-programme,MCV2,2019,92
Non-programme,PCV3,2019,90
Non-programme,POL3,2019,94
Non-programme,RCV1,2019,93
Non-programme,ROTAC,2019,52
Non-programme,BCG,2020,86
Non-programme,DTP1,2020,97
Non-programme,DTP3,2020,94
Non-programme,HEPB3,2020,90
Non-programme,HEPBB,2020,31
Non-programme,HIB3,2020,93
Non-programme,IPV1,2020,99
Non-programme,MCV1,2020,93
Non-programme,MCV2,2020,92
Non-programme,PCV3,2020,86
Non-programme,POL3,2020,93
Non-programme,RCV1,2020,93
Non-programme,ROTAC,2020,54
Non-programme,BCG,2021,87
Non-programme,DTP1,2021,97
Non-programme,DTP3,2021,94
Non-programme,HEPB3,2021,90
Non-programme,HEPBB,2021,32
Non-programme,HIB3,2021,93
Non-programme,IPV1,2021,99
Non-programme,IPV2,2021,99
Non-programme,MCV1,2021,93
Non-programme,MCV2,2021,92
Non-programme,PCV3,2021,86
Non-programme,POL3,2021,94
Non-programme,RCV1,2021,93
Non-programme,ROTAC,2021,55
Non-programme,BCG,2022,85
Non-programme,DTP1,2022,98
Non-programme,DTP3,2022,94
Non-programme,HEPB3,2022,91
Non-programme,HEPBB,2022,34
Non-programme,HIB3,2022,93
Non-programme,IPV1,2022,99
Non-programme,IPV2,2022,99
Non-programme,MCV1,2022,94
Non-programme,MCV2,2022,91
Non-programme,PCV3,2022,87
Non-programme,POL3,2022,94
Non-programme,RCV1,2022,94
Non-programme,ROTAC,2022,62
Non-programme,BCG,2023,85
Non-programme,DTP1,2023,98
Non-programme,DTP3,2023,94
Non-programme,HEPB3,2023,90
Non-programme,HEPBB,2023,34
Non-programme,HIB3,2023,93
Non-programme,IPV1,2023,99
Non-programme,IPV2,2023,99
Non-programme,MCV1,2023,93
Non-programme,MCV2,2023,91
Non-programme,PCV3,2023,87
Non-programme,POL3,2023,93
Non-programme,RCV1,2023,93
Non-programme,ROTAC,2023,69
ROSA,BCG,2000,75
ROSA,DTP1,2000,75
ROSA,DTP3,2000,60
ROSA,HEPB3,2000,0
ROSA,HEPBB,2000,0
ROSA,HIB3,2000,0
ROSA,MCV1,2000,58
ROSA,MCV2,2000,0
ROSA,POL3,2000,60
ROSA,RCV1,2000,1
ROSA,BCG,2001,77
ROSA,DTP1,2001,76
ROSA,DTP3,2001,62
ROSA,HEPB3,2001,0
ROSA,HEPBB,2001,0
ROSA,HIB3,2001,0
ROSA,MCV1,2001,59
ROSA,MCV2,2001,0
ROSA,POL3,2001,61
ROSA,RCV1,2001,1
ROSA,BCG,2002,78
ROSA,DTP1,2002,77
ROSA,DTP3,2002,62
ROSA,HEPB3,2002,0
ROSA,HEPBB,2002,0
ROSA,HIB3,2002,0
ROSA,MCV1,2002,59
ROSA,MCV2,2002,1
ROSA,POL3,2002,61
ROSA,RCV1,2002,1
ROSA,BCG,2003,79
ROSA,DTP1,2003,77
ROSA,DTP3,2003,64
ROSA,HEPB3,2003,10
ROSA,HEPBB,2003,0
ROSA,HIB3,2003,0
ROSA,MCV1,2003,62
ROSA,MCV2,2003,1
ROSA,POL3,2003,62
ROSA,RCV1,2003,1
ROSA,BCG,2004,81
ROSA,DTP1,2004,79
ROSA,DTP3,2004,67
ROSA,HEPB3,2004,15
ROSA,HEPBB,2004,0
ROSA,HIB3,2004,0
ROSA,MCV1,2004,66
ROSA,MCV2,2004,1
ROSA,POL3,2004,63
ROSA,RCV1,2004,1
ROSA,BCG,2005,85
ROSA,DTP1,2005,82
ROSA,DTP3,2005,68
ROSA,HEPB3,2005,21
ROSA,HEPBB,2005,0
ROSA,HIB3,2005,0
ROSA,MCV1,2005,69
ROSA,MCV2,2005,1
ROSA,POL3,2005,68
ROSA,RCV1,2005,1
ROSA,BCG,2006,85
ROSA,DTP1,2006,81
ROSA,DTP3,2006,67
ROSA,HEPB3,2006,23
ROSA,HEPBB,2006,0
ROSA,HIB3,2006,0
ROSA,MCV1,2006,69
ROSA,MCV2,2006,1
ROSA,POL3,2006,68
ROSA,RCV1,2006,1
ROSA,ROTAC,2006,0
ROSA,BCG,2007,86
ROSA,DTP1,2007,81
ROSA,DTP3,2007,66
ROSA,HEPB3,2007,26
ROSA,HEPBB,2007,0
ROSA,HIB3,2007,0
ROSA,MCV1,2007,70
ROSA,MCV2,2007,1
ROSA,POL3,2007,68
ROSA,RCV1,2007,1
ROSA,ROTAC,2007,0
ROSA,BCG,2008,85
ROSA,DTP1,2008,81
ROSA,DTP3,2008,70
ROSA,HEPB3,2008,42
ROSA,HEPBB,2008,6
ROSA,HIB3,2008,0
ROSA,MCV1,2008,71
ROSA,MCV2,2008,2
ROSA,PCV3,2008,0
ROSA,POL3,2008,69
ROSA,RCV1,2008,1
ROSA,ROTAC,2008,0
ROSA,BCG,2009,86
ROSA,DTP1,2009,82
ROSA,DTP3,2009,73
ROSA,HEPB3,2009,47
ROSA,HEPBB,2009,6
ROSA,HIB3,2009,19
ROSA,MCV1,2009,76
ROSA,MCV2,2009,6
ROSA,PCV3,2009,0
ROSA,POL3,2009,72
ROSA,RCV1,2009,1
ROSA,ROTAC,2009,0
ROSA,BCG,2010,87
ROSA,DTP1,2010,84
ROSA,DTP3,2010,76
ROSA,HEPB3,2010,47
ROSA,HEPBB,2010,6
ROSA,HIB3,2010,20
ROSA,MCV1,2010,78
ROSA,MCV2,2010,7
ROSA,PCV3,2010,0
ROSA,POL3,2010,74
ROSA,RCV1,2010,1
ROSA,ROTAC,2010,0
ROSA,BCG,2011,89
ROSA,DTP1,2011,88
ROSA,DTP3,2011,80
ROSA,HEPB3,2011,54
ROSA,HEPBB,2011,6
ROSA,HIB3,2011,23
ROSA,MCV1,2011,80
ROSA,MCV2,2011,27
ROSA,PCV3,2011,0
ROSA,POL3,2011,78
ROSA,RCV1,2011,1
ROSA,ROTAC,2011,0
ROSA,BCG,2012,89
ROSA,DTP1,2012,88
ROSA,DTP3,2012,80
ROSA,HEPB3,2012,74
ROSA,HEPBB,2012,16
ROSA,HIB3,2012,23
ROSA,MCV1,2012,79
ROSA,MCV2,2012,37
ROSA,PCV3,2012,0
ROSA,POL3,2012,78
ROSA,RCV1,2012,2
ROSA,ROTAC,2012,0
ROSA,BCG,2013,90
ROSA,DTP1,2013,88
ROSA,DTP3,2013,81
ROSA,HEPB3,2013,72
ROSA,HEPBB,2013,25
ROSA,HIB3,2013,38
ROSA,MCV1,2013,80
ROSA,MCV2,2013,52
ROSA,PCV3,2013,11
ROSA,POL3,2013,80
ROSA,RCV1,2013,10
ROSA,ROTAC,2013,0
ROSA,BCG,2014,89
ROSA,DTP1,2014,89
ROSA,DTP3,2014,83
ROSA,HEPB3,2014,79
ROSA,HEPBB,2014,28
ROSA,HIB3,2014,39
ROSA,MCV1,2014,83
ROSA,MCV2,2014,59
ROSA,PCV3,2014,14
ROSA,POL3,2014,82
ROSA,RCV1,2014,11
ROSA,ROTAC,2014,0
ROSA,BCG,2015,88
ROSA,DTP1,2015,89
ROSA,DTP3,2015,85
ROSA,HEPB3,2015,85
ROSA,HEPBB,2015,30
ROSA,HIB3,2015,56
ROSA,IPV1,2015,10
ROSA,MCV1,2015,85
ROSA,MCV2,2015,67
ROSA,PCV3,2015,21
ROSA,POL3,2015,84
ROSA,RCV1,2015,11
ROSA,ROTAC,2015,0
ROSA,BCG,2016,89
ROSA,DTP1,2016,90
ROSA,DTP3,2016,86
ROSA,HEPB3,2016,86
ROSA,HEPBB,2016,32
ROSA,HIB3,2016,80
ROSA,IPV1,2016,49
ROSA,MCV1,2016,86
ROSA,MCV2,2016,74
ROSA,PCV3,2016,25
ROSA,POL3,2016,85
ROSA,RCV1,2016,11
ROSA,ROTAC,2016,3
ROSA,BCG,2017,91
ROSA,DTP1,2017,90
ROSA,DTP3,2017,86
ROSA,HEPB3,2017,86
ROSA,HEPBB,2017,37
ROSA,HIB3,2017,86
ROSA,IPV1,2017,52
ROSA,MCV1,2017,87
ROSA,MCV2,2017,77
ROSA,PCV3,2017,27
ROSA,POL3,2017,87
ROSA,RCV1,2017,15
ROSA,ROTAC,2017,11
ROSA,BCG,2018,92
ROSA,DTP1,2018,92
ROSA,DTP3,2018,88
ROSA,HEPB3,2018,88
ROSA,HEPBB,2018,37
ROSA,HIB3,2018,88
ROSA,IPV1,2018,74
ROSA,MCV1,2018,90
ROSA,MCV2,2018,79
ROSA,PCV3,2018,31
ROSA,POL3,2018,88
ROSA,RCV1,2018,73
ROSA,ROTAC,2018,35
ROSA,BCG,2019,92
ROSA,DTP1,2019,93
ROSA,DTP3,2019,89
ROSA,HEPB3,2019,89
ROSA,HEPBB,2019,39
ROSA,HIB3,2019,89
ROSA,IPV1,2019,83
ROSA,MCV1,2019,91
ROSA,MCV2,2019,81
ROSA,PCV3,2019,38
ROSA,POL3,2019,89
ROSA,RCV1,2019,74
ROSA,ROTAC,2019,53
ROSA,BCG,2020,87
ROSA,DTP1,2020,88
ROSA,DTP3,2020,84
ROSA,HEPB3,2020,84
ROSA,HEPBB,2020,37
ROSA,HIB3,2020,84
ROSA,IPV1,2020,82
ROSA,MCV1,2020,87
ROSA,MCV2,2020,80
ROSA,PCV3,2020,42
ROSA,POL3,2020,85
ROSA,RCV1,2020,70
ROSA,ROTAC,2020,72
ROSA,BCG,2021,87
ROSA,DTP1,2021,89
ROSA,DTP3,2021,85
ROSA,HEPB3,2021,85
ROSA,HEPBB,2021,38
ROSA,HIB3,2021,85
ROSA,IPV1,2021,83
ROSA,IPV2,2021,7
ROSA,MCV1,2021,87
ROSA,MCV2,2021,81
ROSA,PCV3,2021,45
ROSA,POL3,2021,85
ROSA,RCV1,2021,70
ROSA,ROTAC,2021,74
ROSA,BCG,2022,92
ROSA,DTP1,2022,94
ROSA,DTP3,2022,91
ROSA,HEPB3,2022,91
ROSA,HEPBB,2022,43
ROSA,HIB3,2022,91
ROSA,IPV1,2022,90
ROSA,IPV2,2022,17
ROSA,MCV1,2022,91
ROSA,MCV2,2022,87
ROSA,PCV3,2022,72
ROSA,POL3,2022,91
ROSA,RCV1,2022,89
ROSA,ROTAC,2022,80
ROSA,BCG,2023,91
ROSA,DTP1,2023,93
ROSA,DTP3,2023,90
ROSA,HEPB3,2023,90
ROSA,HEPBB,2023,51
ROSA,HIB3,2023,90
ROSA,IPV1,2023,89
ROSA,IPV2,2023,18
ROSA,MCV1,2023,90
ROSA,MCV2,2023,87
ROSA,PCV3,2023,83
ROSA,POL3,2023,90
ROSA,RCV1,2023,88
ROSA,ROTAC,2023,79
WCAR,BCG,2000,61
WCAR,DTP1,2000,57
WCAR,DTP3,2000,42
WCAR,HEPB3,2000,0
WCAR,HEPBB,2000,0
WCAR,HIB3,2000,0
WCAR,MCV1,2000,45
WCAR,MCV2,2000,0
WCAR,POL3,2000,44
WCAR,RCV1,2000,0
WCAR,YFV,2000,12
WCAR,BCG,2001,57
WCAR,DTP1,2001,56
WCAR,DTP3,2001,40
WCAR,HEPB3,2001,1
WCAR,HEPBB,2001,0
WCAR,HIB3,2001,0
WCAR,MCV1,2001,43
WCAR,MCV2,2001,0
WCAR,POL3,2001,45
WCAR,RCV1,2001,0
WCAR,YFV,2001,13
WCAR,BCG,2002,57
WCAR,DTP1,2002,58
WCAR,DTP3,2002,42
WCAR,HEPB3,2002,7
WCAR,HEPBB,2002,0
WCAR,HIB3,2002,4
WCAR,MCV1,2002,44
WCAR,MCV2,2002,0
WCAR,POL3,2002,50
WCAR,RCV1,2002,0
WCAR,YFV,2002,17
WCAR,BCG,2003,60
WCAR,DTP1,2003,60
WCAR,DTP3,2003,46
WCAR,HEPB3,2003,12
WCAR,HEPBB,2003,0
WCAR,HIB3,2003,4
WCAR,MCV1,2003,48
WCAR,MCV2,2003,0
WCAR,POL3,2003,53
WCAR,RCV1,2003,0
WCAR,YFV,2003,20
WCAR,BCG,2004,64
WCAR,DTP1,2004,63
WCAR,DTP3,2004,51
WCAR,HEPB3,2004,14
WCAR,HEPBB,2004,0
WCAR,HIB3,2004,4
WCAR,MCV1,2004,52
WCAR,MCV2,2004,0
WCAR,POL3,2004,56
WCAR,RCV1,2004,0
WCAR,YFV,2004,37
WCAR,BCG,2005,68
WCAR,DTP1,2005,66
WCAR,DTP3,2005,55
WCAR,HEPB3,2005,27
WCAR,HEPBB,2005,0
WCAR,HIB3,2005,6
WCAR,MCV1,2005,56
WCAR,MCV2,2005,0
WCAR,POL3,2005,60
WCAR,RCV1,2005,0
WCAR,YFV,2005,49
WCAR,BCG,2006,70
WCAR,DTP1,2006,68
WCAR,DTP3,2006,58
WCAR,HEPB3,2006,34
WCAR,HEPBB,2006,1
WCAR,HIB3,2006,12
WCAR,MCV1,2006,58
WCAR,MCV2,2006,0
WCAR,POL3,2006,61
WCAR,RCV1,2006,0
WCAR,ROTAC,2006,0
WCAR,YFV,2006,54
WCAR,BCG,2007,72
WCAR,DTP1,2007,70
WCAR,DTP3,2007,60
WCAR,HEPB3,2007,54
WCAR,HEPBB,2007,1
WCAR,HIB3,2007,15
WCAR,MCV1,2007,58
WCAR,MCV2,2007,0
WCAR,POL3,2007,64
WCAR,RCV1,2007,0
WCAR,ROTAC,2007,0
WCAR,YFV,2007,58
WCAR,BCG,2008,77
WCAR,DTP1,2008,75
WCAR,DTP3,2008,65
WCAR,HEPB3,2008,55
WCAR,HEPBB,2008,4
WCAR,HIB3,2008,18
WCAR,MCV1,2008,62
WCAR,MCV2,2008,0
WCAR,PCV3,2008,0
WCAR,POL3,2008,67
WCAR,RCV1,2008,0
WCAR,ROTAC,2008,0
WCAR,YFV,2008,58
WCAR,BCG,2009,82
WCAR,DTP1,2009,79
WCAR,DTP3,2009,70
WCAR,HEPB3,2009,69
WCAR,HEPBB,2009,8
WCAR,HIB3,2009,45
WCAR,MCV1,2009,68
WCAR,MCV2,2009,0
WCAR,PCV3,2009,0
WCAR,POL3,2009,71
WCAR,RCV1,2009,0
WCAR,ROTAC,2009,0
WCAR,YFV,2009,66
WCAR,BCG,2010,76
WCAR,DTP1,2010,73
WCAR,DTP3,2010,65
WCAR,HEPB3,2010,63
WCAR,HEPBB,2010,11
WCAR,HIB3,2010,44
WCAR,MCV1,2010,65
WCAR,MCV2,2010,0
WCAR,PCV3,2010,0
WCAR,POL3,2010,66
WCAR,RCV1,2010,0
WCAR,ROTAC,2010,0
WCAR,YFV,2010,60
WCAR,BCG,2011,70
WCAR,DTP1,2011,72
WCAR,DTP3,2011,63
WCAR,HEPB3,2011,62
WCAR,HEPBB,2011,11
WCAR,HIB3,2011,45
WCAR,MCV1,2011,62
WCAR,MCV2,2011,0
WCAR,PCV3,2011,6
WCAR,POL3,2011,61
WCAR,RCV1,2011,0
WCAR,ROTAC,2011,0
WCAR,YFV,2011,52
WCAR,BCG,2012,73
WCAR,DTP1,2012,71
WCAR,DTP3,2012,62
WCAR,HEPB3,2012,62
WCAR,HEPBB,2012,11
WCAR,HIB3,2012,50
WCAR,MCV1,2012,61
WCAR,MCV2,2012,3
WCAR,PCV3,2012,16
WCAR,POL3,2012,62
WCAR,RCV1,2012,0
WCAR,ROTAC,2012,2
WCAR,YFV,2012,52
WCAR,BCG,2013,70
WCAR,DTP1,2013,69
WCAR,DTP3,2013,62
WCAR,HEPB3,2013,62
WCAR,HEPBB,2013,11
WCAR,HIB3,2013,55
WCAR,MCV1,2013,60
WCAR,MCV2,2013,3
WCAR,PCV3,2013,20
WCAR,POL3,2013,60
WCAR,RCV1,2013,6
WCAR,ROTAC,2013,4
WCAR,YFV,2013,58
WCAR,BCG,2014,71
WCAR,DTP1,2014,70
WCAR,DTP3,2014,62
WCAR,HEPB3,2014,62
WCAR,HEPBB,2014,11
WCAR,HIB3,2014,62
WCAR,MCV1,2014,60
WCAR,MCV2,2014,5
WCAR,PCV3,2014,30
WCAR,POL3,2014,61
WCAR,RCV1,2014,6
WCAR,ROTAC,2014,14
WCAR,YFV,2014,55
WCAR,BCG,2015,72
WCAR,DTP1,2015,71
WCAR,DTP3,2015,62
WCAR,HEPB3,2015,62
WCAR,HEPBB,2015,11
WCAR,HIB3,2015,62
WCAR,IPV1,2015,30
WCAR,MCV1,2015,60
WCAR,MCV2,2015,8
WCAR,PCV3,2015,53
WCAR,POL3,2015,62
WCAR,RCV1,2015,9
WCAR,ROTAC,2015,20
WCAR,YFV,2015,57
WCAR,BCG,2016,77
WCAR,DTP1,2016,76
WCAR,DTP3,2016,67
WCAR,HEPB3,2016,67
WCAR,HEPBB,2016,13
WCAR,HIB3,2016,67
WCAR,IPV1,2016,48
WCAR,MCV1,2016,62
WCAR,MCV2,2016,10
WCAR,MENGA,2016,1
WCAR,PCV3,2016,61
WCAR,POL3,2016,66
WCAR,RCV1,2016,10
WCAR,ROTAC,2016,24
WCAR,YFV,2016,56
WCAR,BCG,2017,79
WCAR,DTP1,2017,77
WCAR,DTP3,2017,68
WCAR,HEPB3,2017,68
WCAR,HEPBB,2017,13
WCAR,HIB3,2017,68
WCAR,IPV1,2017,47
WCAR,MCV1,2017,64
WCAR,MCV2,2017,11
WCAR,MENGA,2017,10
WCAR,PCV3,2017,64
WCAR,POL3,2017,68
WCAR,RCV1,2017,13
WCAR,ROTAC,2017,27
WCAR,YFV,2017,60
WCAR,BCG,2018,80
WCAR,DTP1,2018,78
WCAR,DTP3,2018,70
WCAR,HEPB3,2018,70
WCAR,HEPBB,2018,17
WCAR,HIB3,2018,70
WCAR,IPV1,2018,62
WCAR,MCV1,2018,64
WCAR,MCV2,2018,12
WCAR,MENGA,2018,17
WCAR,PCV3,2018,65
WCAR,POL3,2018,69
WCAR,RCV1,2018,18
WCAR,ROTAC,2018,27
WCAR,YFV,2018,63
WCAR,BCG,2019,81
WCAR,DTP1,2019,80
WCAR,DTP3,2019,72
WCAR,HEPB3,2019,72
WCAR,HEPBB,2019,21
WCAR,HIB3,2019,72
WCAR,IPV1,2019,72
WCAR,MCV1,2019,65
WCAR,MCV2,2019,16
WCAR,MENGA,2019,27
WCAR,PCV3,2019,68
WCAR,POL3,2019,72
WCAR,RCV1,2019,19
WCAR,ROTAC,2019,28
WCAR,YFV,2019,64
WCAR,BCG,2020,81
WCAR,DTP1,2020,78
WCAR,DTP3,2020,69
WCAR,HEPB3,2020,69
WCAR,HEPBB,2020,24
WCAR,HIB3,2020,69
WCAR,IPV1,2020,70
WCAR,MCV1,2020,64
WCAR,MCV2,2020,29
WCAR,MENGA,2020,38
WCAR,PCV3,2020,65
WCAR,POL3,2020,69
WCAR,RCV1,2020,20
WCAR,ROTAC,2020,34
WCAR,YFV,2020,62
WCAR,BCG,2021,79
WCAR,DTP1,2021,78
WCAR,DTP3,2021,69
WCAR,HEPB3,2021,69
WCAR,HEPBB,2021,25
WCAR,HIB3,2021,69
WCAR,IPV1,2021,70
WCAR,IPV2,2021,6
WCAR,MCV1,2021,64
WCAR,MCV2,2021,30
WCAR,MENGA,2021,39
WCAR,PCV3,2021,63
WCAR,POL3,2021,68
WCAR,RCV1,2021,20
WCAR,ROTAC,2021,39
WCAR,YFV,2021,62
WCAR,BCG,2022,80
WCAR,DTP1,2022,79
WCAR,DTP3,2022,70
WCAR,HEPB3,2022,70
WCAR,HEPBB,2022,27
WCAR,HIB3,2022,70
WCAR,IPV1,2022,70
WCAR,IPV2,2022,25
WCAR,MCV1,2022,64
WCAR,MCV2,2022,31
WCAR,MENGA,2022,41
WCAR,PCV3,2022,64
WCAR,POL3,2022,68
WCAR,RCV1,2022,20
WCAR,ROTAC,2022,45
WCAR,YFV,2022,62
WCAR,BCG,2023,81
WCAR,DTP1,2023,79
WCAR,DTP3,2023,69
WCAR,HEPB3,2023,69
WCAR,HEPBB,2023,28
WCAR,HIB3,2023,69
WCAR,IPV1,2023,70
WCAR,IPV2,2023,40
WCAR,MCV1,2023,64
WCAR,MCV2,2023,40
WCAR,MENGA,2023,42
WCAR,PCV3,2023,64
WCAR,POL3,2023,68
WCAR,RCV1,2023,20
WCAR,ROTAC,2023,56
WCAR,YFV,2023,62
